{"cameraMode":{"drawMode":0,"name":"Shaded","section":"Shading Mode"},"sceneLighting":false,"audioPlay":false,"sceneViewState":{"m_AlwaysRefresh":false,"showFog":true,"showSkybox":false,"showFlares":true,"showImageEffects":true,"showParticleSystems":true,"showVisualEffectGraphs":true,"m_FxEnabled":true},"in2DMode":false,"pivot":{"x":-78.92858123779297,"y":-57.458404541015628,"z":210.3201446533203},"rotation":{"x":-0.15213006734848023,"y":0.18181978166103364,"z":-0.028506265953183175,"w":-0.9710896611213684},"size":111.51907348632813,"orthographic":false}