{"cameraMode":{"drawMode":0,"name":"Shaded","section":"Shading Mode"},"sceneLighting":false,"audioPlay":false,"sceneViewState":{"m_AlwaysRefresh":false,"showFog":true,"showSkybox":false,"showFlares":true,"showImageEffects":true,"showParticleSystems":true,"showVisualEffectGraphs":true,"m_FxEnabled":true},"in2DMode":false,"pivot":{"x":2.3561339378356935,"y":-0.8991115093231201,"z":38.090065002441409},"rotation":{"x":-0.18917666375637055,"y":0.06974727660417557,"z":-0.013484695926308632,"w":-0.9793823957443237},"size":25.003164291381837,"orthographic":false}